X,Y,id,icon_url
7.76693671255127,45.2798614827244,"1",./0.png
8.11295466645793,45.0111335289166,"2",./0.png
8.37344009243261,45.3454793056873,"3",./0.png
7.7125069220491,44.9341214328989,"4",./0.png
